{"web":{"client_id":"1068475218768-0id2em2grsa7fcb1la1t3ephea6l7lvf.apps.googleusercontent.com","project_id":"sharethiscom-1553990659522","auth_uri":"https://accounts.google.com/o/oauth2/auth","token_uri":"https://oauth2.googleapis.com/token","auth_provider_x509_cert_url":"https://www.googleapis.com/oauth2/v1/certs","client_secret":"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","redirect_uris":["https://sharethis.com","https://stagewp.sharethis.com","https://sharethis.local.com"],"javascript_origins":["https://sharethis.com","https://stagewp.sharethis.com","https://sharethis.local.com"]}}